delete from pc_componenta;
insert into pc_componenta values('C669','Intel Raptor Lake Refresh, Core i5 14400F 2.5GHz','Intel',700);
insert into pc_componenta values('C506','AMD Ryzen 9 9900X 4.4GHz','AMD',2099);
insert into pc_componenta values('C112','Intel Arrow Lake, Core Ultra 9 285K 3.7GHz','Intel',3149);
insert into pc_componenta values('C971','AMD Ryzen Threadripper 7980X 3.2Ghz','AMD',27090);
insert into pc_componenta values('C807','Palit GeForce RTX 5090 GameRock 32GB GDDR7 512-bit DLSS 4.0','NVIDIA',14299);
insert into pc_componenta values('C206','ASRock Radeon RX 6600 Challenger D 8GB GDDR6 128-bit','AMD',1099);
insert into pc_componenta values('C868','Sapphire Nitro+ Radeon RX 7900 XTX Vapor-X 24GB GDDR6 384-bit','AMD',5259);
insert into pc_componenta values('C685','Sparkle Intel ARC A770 ROC Luna White 16GB GDDR6 256-bit','Intel',1924);
insert into pc_componenta values('C921','SSD Lexar NM710 1TB PCI Express 4.0 x4 M.2 2280','Lexar',269);
insert into pc_componenta values('C853','SSD Samsung 990 EVO Plus 2TB PCI Express 4.0 x4 M.2 2280','Samsung',699);
insert into pc_componenta values('C336','Memorie Kingston FURY Beast 32GB DDR5 6000MHz CL30 Dual Channel Kit','Kingston',539);
insert into pc_componenta values('C498','Memorie G.Skill Zeta R5 RDIMM 128GB DDR5 6400MHz CL32 Quad Channel Kit','G.Skill',4399);
insert into pc_componenta values('C834','Sursa ASUS ROG STRIX Aura Edition, 80+ Gold, 750W','ASUS',708);
insert into pc_componenta values('C814','Sursa Corsair RM1200e 80+ Gold 1200W','Corsair',1049);
insert into pc_componenta values('C550','Carcasa Fractal Design North TG charcoal dark','Fractal Design',892);
insert into pc_componenta values('C167','Placa de baza ASUS ROG STRIX X670E-F GAMING WIFI','ASUS',2469);

delete from pc_client;
insert into pc_client values('5061202411122','Paul Gondola','paul.gorgonzola@protonmail.com');
insert into pc_client values('1980107322077','Dan Ghimpul','dan.ghimpul98@mail.ru');
insert into pc_client values('6011021294866','Andreea Prahoveana','andreeapraaa@yahoo.com');
insert into pc_client values('1801102359886','Calin Popa','calin.popa@student.upt.ro');
insert into pc_client values('6040229355655','Alexandra Haidet','alexa.haidet2004@yandex.com');

delete from pc_comanda;
insert into pc_comanda values('P92810','1980107322077','04/24/2025');
insert into pc_comanda values('P18019','1980107322077','04/25/2025');
insert into pc_comanda values('P18472','1801102359886','12/11/2024');
insert into pc_comanda values('P63803','5061202411122','02/27/2025');
insert into pc_comanda values('P21620','6040229355655','05/13/2025');
insert into pc_comanda values('P31999','5061202411122','03/28/2025');
insert into pc_comanda values('P54127','1801102359886','06/29/2024');
insert into pc_comanda values('P37272','6011021294866','01/16/2025');

delete from pc_lista_comanda;
insert into pc_lista_comanda values('P92810','C506',1);
insert into pc_lista_comanda values('P92810','C807',1);
insert into pc_lista_comanda values('P92810','C814',2);
insert into pc_lista_comanda values('P92810','C336',4);
insert into pc_lista_comanda values('P63803','C971',2);
insert into pc_lista_comanda values('P63803','C167',1);
insert into pc_lista_comanda values('P63803','C685',3);
insert into pc_lista_comanda values('P63803','C498',8);
insert into pc_lista_comanda values('P63803','C550',1);
insert into pc_lista_comanda values('P63803','C834',1);
insert into pc_lista_comanda values('P18472','C167',3);
insert into pc_lista_comanda values('P18472','C868',1);
insert into pc_lista_comanda values('P18019','C853',2);
insert into pc_lista_comanda values('P18019','C669',3);
insert into pc_lista_comanda values('P18019','C506',1);
insert into pc_lista_comanda values('P18019','C921',6);
insert into pc_lista_comanda values('P21620','C112',2);
insert into pc_lista_comanda values('P21620','C206',1);
insert into pc_lista_comanda values('P21620','C167',3);
insert into pc_lista_comanda values('P21620','C807',2);
insert into pc_lista_comanda values('P21620','C921',4);
insert into pc_lista_comanda values('P21620','C971',1);
insert into pc_lista_comanda values('P31999','C685',1);
insert into pc_lista_comanda values('P31999','C550',2);
insert into pc_lista_comanda values('P31999','C112',1);
insert into pc_lista_comanda values('P31999','C336',3);
insert into pc_lista_comanda values('P31999','C498',1);
insert into pc_lista_comanda values('P54127','C669',1);
insert into pc_lista_comanda values('P54127','C814',7);
insert into pc_lista_comanda values('P37272','C550',2);
insert into pc_lista_comanda values('P37272','C807',1);
insert into pc_lista_comanda values('P37272','C834',3);
