-- Facultate
DELETE FROM Facultate;
INSERT INTO Facultate VALUES ('ET' ,'Electrotehnica','Bd. V. Parvan nr. 2,Timisoara','0256-403381');
INSERT INTO Facultate VALUES ('AC' ,'Automatica si Calculatoare','Bd. V. Parvan nr. 2,Timisoara','0256-403211');
INSERT INTO Facultate VALUES ('MEC','Mecanica','Bd. M. Viteazu nr. 1,Timisoara','0256-403521');
INSERT INTO Facultate VALUES ('ING','Inginerie','Str. Revoluției nr. 5,Hunedoara','0254-207502');
INSERT INTO Facultate VALUES ('MPT','Management si Transporturi','Str. Remus nr. 14,Timișoara','0256-403521');
INSERT INTO Facultate VALUES ('PPD','Pregatirea Personalului Didactic','Str. Traian Lalescu 2,Timișoara','0256-404066');
INSERT INTO Facultate VALUES ('SC','Stiinte ale Comunicarii','Str. Traian Lalescu 2,Timișoara','0256-404011');
-- Profesor
DELETE FROM Profesor; 
INSERT INTO Profesor VALUES ('PAC002','1691125355688','Ciprian Porumbescu','11/25/1969','AC','prof');
INSERT INTO Profesor VALUES ('PMEC02','1680619369224','Henri Coanda','06/19/1968','MEC','prof');
INSERT INTO Profesor VALUES ('PAC003','2690105217231','Cristina Papura','01/05/1969','AC','conf');
INSERT INTO Profesor VALUES ('PSC001','2851103658314','Mirela Cerce','11/03/1985','SC','prof');
INSERT INTO Profesor VALUES ('PMEC01','2861201387923','Elisa Zamfirescu','12/01/1986','MEC','conf');
INSERT INTO Profesor VALUES ('PET001','1810705322567','Mihail Eminescu','07/05/1981','ET','as'); 
INSERT INTO Profesor VALUES ('PMEC03','1950214568182','Raul Brad','02/14/1995','MEC','as'); 
INSERT INTO Profesor VALUES ('PET002','2730216367221','Veronica Micle','02/16/1973','ET','prof');
INSERT INTO Profesor VALUES ('PAC001','1670718356993','Luca Caragiale','07/18/1967','AC','prof');
INSERT INTO Profesor VALUES ('PPPD01','1831125123456','Mircea Bela','11/25/1983','PPD','conf');
INSERT INTO Profesor VALUES ('PAC004','2890718012301','Andra Nufar','07/18/1989','AC','as');
INSERT INTO Profesor VALUES ('PING03','2841006366939','Mary Holmes','10/06/1984','ING','as');
INSERT INTO Profesor VALUES ('PAC005','1951219243505','George Potcoava','12/19/1995','AC','as');
INSERT INTO Profesor VALUES ('PING01','1691121455432','Gabriel Bar','11/21/1969','ING','conf');
INSERT INTO Profesor VALUES ('PMPT01','1710625721234','Dorian Zebra','06/25/1971','MPT','sl');
INSERT INTO Profesor VALUES ('PPPD02','2890227890123','Ildiko Brad','02/27/1989','PPD','conf');
INSERT INTO Profesor VALUES ('PING02','2650115821412','Corina Furca','01/15/1965','ING','conf');
INSERT INTO Profesor VALUES ('PAC006','2961021365463','Ersilia Hertz','10/21/1996','AC','sl'); 
INSERT INTO Profesor VALUES ('PPPD03','1970317678912','Vladut Irimia','03/17/1997','PPD','as');
INSERT INTO Profesor VALUES ('PAC007','1760229564743','Ion Pintilie','02/29/1976','AC','prof');
INSERT INTO Profesor VALUES ('PMPT02','2691115114513','Ana Tamplaru','11/15/1969','MPT','prof');
INSERT INTO Profesor VALUES ('PAC008','2960804302600','Flavia Fernandez','08/04/1986','AC','as'); 
INSERT INTO Profesor VALUES ('PET003','2980202011110','Maria Benvenue','02/02/1998','ET','sl'); 
INSERT INTO Profesor VALUES ('PMEC04','1680902369043','Vlad Ionas','09/02/1968','MEC','sl');
INSERT INTO Profesor VALUES ('PET004','1691110103800','Mihai Popescu','11/10/1969','ET','conf');
INSERT INTO Profesor VALUES ('PING04','1890331234801','John Volcano','03/31/1989','ING','sl'); 
INSERT INTO Profesor VALUES ('PET005','2821121567812','Carla Strauss','11/21/1982','ET','as');
-- Sala
DELETE FROM Sala; 
INSERT INTO Sala VALUES ('A101',1,215);
INSERT INTO Sala VALUES ('SPM5',3,40);
INSERT INTO Sala VALUES ('A201',2,200);
INSERT INTO Sala VALUES ('MEC1',1,250);
INSERT INTO Sala VALUES ('D4',1,20);
INSERT INTO Sala VALUES ('MEC3',3,250);
INSERT INTO Sala VALUES ('C102',1,80);
INSERT INTO Sala VALUES ('HID1',1,120);
INSERT INTO Sala VALUES ('FIH5',1,120);
INSERT INTO Sala VALUES ('MEC5',3,120);
INSERT INTO Sala VALUES ('A106',1,170);
INSERT INTO Sala VALUES ('D1',1,350);
INSERT INTO Sala VALUES ('A109',1,80);
INSERT INTO Sala VALUES ('SPM1',2,60);
INSERT INTO Sala VALUES ('A309',3,80);
INSERT INTO Sala VALUES ('A204',2,64);
INSERT INTO Sala VALUES ('ASPC',1,300);
INSERT INTO Sala VALUES ('FIH1',2,220);
INSERT INTO Sala VALUES ('A111',1,70);
-- Curs
DELETE FROM Curs;
INSERT INTO Curs VALUES ('CRS04','Comunicare','ET',1,1,'PSC001','Luni',8,'D4');
INSERT INTO Curs VALUES ('CRS14','Limbaje de asamblare','AC',2,1,'PAC002','Vineri',10,'A109');
INSERT INTO Curs VALUES ('CRS25','Programare','ET',2,1,'PAC007','Miercuri',18,'A109');
INSERT INTO Curs VALUES ('CRS31','Sisteme mecanice','MEC',1,1,'PMEC04','Luni',16,'A101');
INSERT INTO Curs VALUES ('CRS15','Fizica','AC',1,2,'PMEC01','Luni',12,'MEC5');
INSERT INTO Curs VALUES ('CRS05','Comunicare','AC',1,1,'PSC001','Luni',18,'C102');
INSERT INTO Curs VALUES ('CRS10','Limbaje de programare','AC',1,1,'PAC001','Marti',8,'A101');
INSERT INTO Curs VALUES ('CRS18','Logica digitala','AC',2,1,'PAC003','Luni',14,'A201');
INSERT INTO Curs VALUES ('CRS07','Comunicare','MEC',1,1,'PSC001','Marti',8,'MEC5');
INSERT INTO Curs VALUES ('CRS13','Logica fuzzy','AC',4,1,'PAC003','Luni',18,'A106');
INSERT INTO Curs VALUES ('CRS21','Echipamente electrice','ET',4,2,'PET002','Miercuri',18,'SPM1');
INSERT INTO Curs VALUES ('CRS32','Subansable mecanice','MEC',3,1,'PMEC04','Joi',10,'MEC3');
INSERT INTO Curs VALUES ('CRS11','Sisteme web','AC',3,2,'PAC002','Vineri',8,'A106');
INSERT INTO Curs VALUES ('CRS01','Psihologia copilului','PPD',NULL,1,'PPPD01','Luni',18,'SPM5');
INSERT INTO Curs VALUES ('CRS06','Comunicare','MPT',1,1,'PSC001','Miercuri',8,'HID1');
INSERT INTO Curs VALUES ('CRS16','Electrotehnica','AC',1,2,'PET002','Marti',14,'C102');
INSERT INTO Curs VALUES ('CRS33','Materiale','MEC',1,2,'PMEC04','Marti',10,'MEC1');
INSERT INTO Curs VALUES ('CRS24','Echipamente electrice','ET',3,2,'PET004','Marti',12,'C102');
INSERT INTO Curs VALUES ('CRS44','Programare','MPT',1,1,'PAC007','Luni',16,'A101');
INSERT INTO Curs VALUES ('CRS03','Didactica specializarii','PPD',NULL,2,'PPPD01','Joi',16,'SPM1');
INSERT INTO Curs VALUES ('CRS50','Mircoeconomie','MPT',1,2,'PMPT01','Joi',14,'HID1');
INSERT INTO Curs VALUES ('CRS39','Fizica cuantica 1','MEC',4,2,'PMEC02','Joi',10,'MEC5');
INSERT INTO Curs VALUES ('CRS86','Sisteme mecanice','ING',1,1,'PING01','Marti',13,'FIH1');
INSERT INTO Curs VALUES ('CRS88','Programare 1','ING',1,2,'PING02','Joi',10,'FIH5');
INSERT INTO Curs VALUES ('CRS48','Relatii publice','MPT',2,2,'PMPT02','Joi',10,'A204');
INSERT INTO Curs VALUES ('CRS20','Sistem expert','AC',4,2,'PAC003','Miercuri',16,'A309');
INSERT INTO Curs VALUES ('CRS28','Fizica','ET',1,1,'PMEC01','Luni',12,'A204');
INSERT INTO Curs VALUES ('CRS45','Stiinte politice','MPT',3,1,'PMPT01','Joi',12,'A109');
INSERT INTO Curs VALUES ('CRS91','Fizica fluidelor','ING',3,2,'PING01','Joi',10,'FIH1');
INSERT INTO Curs VALUES ('CRS02','Educatie pedagogica 1','PPD',NULL,2,'PPPD02','Joi',14,'SPM1');
INSERT INTO Curs VALUES ('CRS92','Aerodinamica','ING',2,2,'PING01','Joi',10,'FIH1');
INSERT INTO Curs VALUES ('CRS34','Programare','MEC',2,1,'PAC007','Marti',10,'A109');
INSERT INTO Curs VALUES ('CRS99','Fizica cuantica','ING',4,2,'PING01','Joi',10,'FIH1');
-- Student - 55 studenti
DELETE FROM Student;
INSERT INTO Student VALUES ('SAC001','1021205355288','Emanuel Petrescu','12/05/2002','Al. Studentilor 8C,Timisoara',1,6.68,NULL,'AC'); 
INSERT INTO Student VALUES ('SIN006',NULL,'Ioan Fiodorov','01/06/2006','Plopilor 3a,Hunedoara',3,10.0,1000,'ING');
INSERT INTO Student VALUES ('SIN007',NULL,'Ionela Zebra','10/18/2007','Stefan cel Mare 1,Hasdat',4,9.75,500,'ING');
INSERT INTO Student VALUES ('SAC002',NULL,'Oana Luncan','02/15/2004','Al. Studentilor 9C,Timisoara',1,9.85,800,'AC'); 
INSERT INTO Student VALUES ('SAC003',NULL,'Bucur Solcan','01/25/2003','Al. Studentilor 8C,Timisoara',1,9.56,800,'AC');
INSERT INTO Student VALUES ('SET005',NULL,'Nicolae Oprita','09/26/2001','Carol Davila 5,Timisoara',3,7.33,400,'ET'); 
INSERT INTO Student VALUES ('SME004',NULL,'Oana Coman',NULL,'Al. Studentilor 9C,Timisoara',2,6.33,0,'MEC');
INSERT INTO Student VALUES ('SME009',NULL,'Floare Elisa','07/11/2005','Al. Studentilor 5C,Timisoara',4,7.92,400,'MEC');
INSERT INTO Student VALUES ('SET006','1060916879510','Radu Pascal','09/16/2006','Carol Davila 7,Timisoara',3,5.33,400,'ET'); 
INSERT INTO Student VALUES ('SET007',NULL,'Rodica Tudoran','08/22/2006','Regele Carol I 5,Timisoara',4,9.78,800,'ET'); 
INSERT INTO Student VALUES ('SAC004',NULL,'Nadia Olaru','04/01/2003','Al. Studentilor 9C,Timisoara',2,8.75,500,'AC'); 
INSERT INTO Student VALUES ('SAC005','1020608128767','Florin Crainicu','06/08/2002','Al. Studentilor 7C,Timisoara',2,6.82,400,'AC');
INSERT INTO Student VALUES ('SMP007',NULL,'Carla Anatolia','08/19/2005','Maresal Presan 2,Timisoara',2,6.75,NULL,'MPT');
INSERT INTO Student VALUES ('SMP008',NULL,'Petru Kamarazov','12/11/2001','Martitilor 4,Timisoara',3,9.45,500,'MPT');
INSERT INTO Student VALUES ('SME002','1020314354789','Grigore Toma','03/14/2002','Ficusului 55,Timisoara',1,10,1000,'MEC');
INSERT INTO Student VALUES ('SET002','1030918377823','Vasile Luca','09/18/2003','Al. Studentilor 4C,Timisoara',1,8.12,400,'ET'); 
INSERT INTO Student VALUES ('SME003','1031204354778','Marius Lucaciu','12/04/2003','Al. Studentilor 8C,Timisoara',1,8.66,500,'MEC');
INSERT INTO Student VALUES ('SIN001','1001118357665','Caius Crisan','11/18/2000','Str. Lunii 3,Hunedoara',1,9.75,800,'ING');
INSERT INTO Student VALUES ('SIN002',NULL,'Cezar Nistoran',NULL,'Str. Lunii 5,Hunedoara',1,8.05,NULL,'ING');
INSERT INTO Student VALUES ('SMP002','2001120304050','Zana Abacu','11/20/2000','Plopilor 7b,Timisoara',2,10.0,1000,'MPT');
INSERT INTO Student VALUES ('SMP003','2030118192021','Amalia Butan','01/18/2003','Al. Studentilor 9B,Timisoara',1,9.95,800,'MPT');
INSERT INTO Student VALUES ('SET008',NULL,'Ileana Caracal',NULL,'Regele Ferdinand 8,Timisoara',4,9.14,500,'ET'); 
INSERT INTO Student VALUES ('SMP004','1040118050607','Marin Pascal','07/11/2004','Al. Studentilor 8A,Timisoara',1,9.75,800,'MPT');
INSERT INTO Student VALUES ('SIN008',NULL,'Kalra Fratescu',NULL,'Avram Iancu 5,Hunedoara',4,5.75,0,'ING');
INSERT INTO Student VALUES ('SIN009',NULL,'Lena Umbrescu',NULL,'Henri Coanda 7,Hunedoara',1,7.75,NULL,'ING');
INSERT INTO Student VALUES ('SIN010',NULL,'Ion Imbrescu',NULL,'Str. Scolii 6 ,Hasdat',2,9.15,500,'ING');
INSERT INTO Student VALUES ('SAC006','1020608129812','Florian Belu','06/08/2002','Al. Studentilor 3C,Timisoara',3,7.78,400,'AC');
INSERT INTO Student VALUES ('SAC009','1001125213823','Mitica Macelaru','11/25/2000','Al. Teilor 23,Timisoara'     ,4,7.25,NULL,'AC');
INSERT INTO Student VALUES ('SME010','1050404304578','Florin Bob','04/04/2005','Al. Studentilor 4A,Timisoara',2,7.87,0,'MEC');
INSERT INTO Student VALUES ('SME011',NULL,'Zana Apreotesi',NULL,'Al. Studentilor 4B,Timisoara',1,7.25,0,'MEC');
INSERT INTO Student VALUES ('SAC010','2010918217312','Ioana Rosu','09/18/2001','Str. Dunarea 19,Arad'        ,1,9.15,700,'AC');
INSERT INTO Student VALUES ('SME005',NULL,'Cezara Ionel',NULL,'Al. Studentilor 2B,Timisoara',3,7.98,0,'MEC');
INSERT INTO Student VALUES ('SME006','1020310987812','Flavius Ciocan','03/10/2002','Al. Studentilor 2A,Timisoara',3,6.30,NULL,'MEC');
INSERT INTO Student VALUES ('SET010',NULL,'Angelo Urs','01/15/2005','Mioritei 23,Timisoara',3,6.33,NULL,'ET'); 
INSERT INTO Student VALUES ('SET011',NULL,'Gabriel Onescu','12/30/2005','Avram Iancu 40,Timisoara',2,7.47,NULL,'ET'); 
INSERT INTO Student VALUES ('SME001','2001118357865','Amelia Crisan','11/18/2000','Plopilor 3a,Timisoara',2,8.75,500,'MEC');
INSERT INTO Student VALUES ('SMP001','2001118327665','Amelia Africana','11/18/2000','Al. Studentilor 13,Timisoara',2,6.75,400,'MPT');
INSERT INTO Student VALUES ('SAC007','2030815129839','Carmen Tanase','08/15/2003','Al. Studentilor 2C,Timisoara',4,8.00,400,'AC');
INSERT INTO Student VALUES ('SAC008','1031214908123','Gelu Ionescu','12/14/2003','Carol Davila 72,Timisoara'   ,4,6.15,800,'AC');
INSERT INTO Student VALUES ('SMP005',NULL,'Mario Franco',NULL,'Balenei 90,Timisoara',2,6.75,NULL,'MPT');
INSERT INTO Student VALUES ('SMP006',NULL,'Victor Ariesan','05/08/2007','Mihai Eminescu 8,Timisoara',3,9.25,500,'MPT');
INSERT INTO Student VALUES ('SME007',NULL,'Casian Vanatoru','08/14/2006','Al. Studentilor 7A,Timisoara',1,6.15,NULL,'MEC');
INSERT INTO Student VALUES ('SME008',NULL,'Fancois Branza',NULL,'Al. Studentilor 7C,Timisoara',4,5.72,NULL,'MEC');
INSERT INTO Student VALUES ('SAC011','2060817918237','Dora Varlan','08/17/2006','Al. Studentilor 3C,Timisoara',3,10.0,1000,'AC');
INSERT INTO Student VALUES ('SAC012','2060702912301','Violeta Ciobanu','07/02/2006','Al. Studentilor 3C,Timisoara',3,9.15,700,'AC');
INSERT INTO Student VALUES ('SAC013','1070110464045','Viorel Paduraru','01/10/2007','Al. Studentilor 8C,Timisoara',3,9.15,700,'AC');
INSERT INTO Student VALUES ('SAC014','1080229123691','Ghita Cercel','02/29/2008','Al. Studentilor 4C,Timisoara',2,10.0,1000,'AC');
INSERT INTO Student VALUES ('SIN003','1030618987126','Darius Fennicul','06/18/2003','Plopilor 3a,Hasdat',2,6.60,NULL,'ING');
INSERT INTO Student VALUES ('SIN004','2020320301020','Zana Agenralului','03/20/2002','Str. Regelui 1,Hunedoara',2,8.10,NULL,'ING');
INSERT INTO Student VALUES ('SET003','1010519357885','Carol Jinca','05/19/2001','Al. Studentilor 8C,Timisoara',2,9.75,800,'ET'); 
INSERT INTO Student VALUES ('SET004','2020823354334','Ioana Vulpe','08/23/2002','Al. Studentilor 9C,Timisoara',2,7.50,0,'ET'); 
INSERT INTO Student VALUES ('SIN005','1030307012981','Ion Marcel','03/07/2003','Str. Lunii 3,Hunedoara',3,7.75,NULL,'ING');
INSERT INTO Student VALUES ('SAC015','2030630231763','Iaona Brailoiu','06/30/2003','Al. Studentilor 4C,Timisoara',2,6.15,0,'AC');
INSERT INTO Student VALUES ('SET001','2040912345623','Elisabeta Maris','09/12/2004','Al. Studentilor 9C,Timisoara',1,9.65,800,'ET'); 
INSERT INTO Student VALUES ('SET009','2040226987619','Ioana Persan','02/06/2004','Bd. Cetatii 8B,Timisoara',3,9.89,500,'ET'); 
-- Contract - 160 contracte
DELETE FROM Contract;
INSERT INTO CONTRACT VALUES (1961,'SAC003','CRS05',2025,1,4.67);
INSERT INTO CONTRACT VALUES (1962,'SAC004','CRS18',2022,1,6.48);
INSERT INTO CONTRACT VALUES (1963,'SAC014','CRS14',2024,1,4.91);
INSERT INTO CONTRACT VALUES (1964,'SME009','CRS39',2023,2,3.56);
INSERT INTO CONTRACT VALUES (1965,'SME010','CRS34',2023,1,3.89);
INSERT INTO CONTRACT VALUES (1966,'SMP005','CRS48',2022,2,5.9);
INSERT INTO CONTRACT VALUES (1967,'SIN002','CRS86',2022,1,3.58);
INSERT INTO CONTRACT VALUES (1968,'SIN009','CRS88',2025,2,4.37);
INSERT INTO CONTRACT VALUES (1969,'SAC006','CRS10',2023,1,6.98);
INSERT INTO CONTRACT VALUES (1970,'SAC007','CRS05',2024,1,4.47);
INSERT INTO CONTRACT VALUES (1971,'SAC011','CRS10',2023,1,3.19);
INSERT INTO CONTRACT VALUES (1972,'SAC012','CRS18',2023,1,5.44);
INSERT INTO CONTRACT VALUES (1973,'SAC013','CRS10',2025,1,4.4);
INSERT INTO CONTRACT VALUES (1974,'SET005','CRS25',2025,1,3.55);
INSERT INTO CONTRACT VALUES (1975,'SET007','CRS28',2024,1,6.86);
INSERT INTO CONTRACT VALUES (1976,'SET008','CRS28',2023,1,3.49);
INSERT INTO CONTRACT VALUES (1977,'SME005','CRS31',2023,1,3.73);
INSERT INTO CONTRACT VALUES (1978,'SME010','CRS33',2023,2,5.43);
INSERT INTO CONTRACT VALUES (1979,'SMP001','CRS44',2023,1,5.06);
INSERT INTO CONTRACT VALUES (1980,'SMP005','CRS50',2024,2,5.13);
INSERT INTO CONTRACT VALUES (1981,'SMP007','CRS06',2023,1,3.74);
INSERT INTO CONTRACT VALUES (1982,'SMP007','CRS44',2023,1,4.22);
INSERT INTO CONTRACT VALUES (1983,'SIN006','CRS88',2024,2,3.41);
INSERT INTO CONTRACT VALUES (1984,'SIN006','CRS92',2024,2,6.05);
INSERT INTO CONTRACT VALUES (1985,'SIN010','CRS86',2022,1,6.35);
INSERT INTO CONTRACT VALUES (1986,'SAC004','CRS10',2024,1,3.56);
INSERT INTO CONTRACT VALUES (1987,'SAC004','CRS16',2025,2,5.32);
INSERT INTO CONTRACT VALUES (1988,'SAC009','CRS11',2024,2,4.18);
INSERT INTO CONTRACT VALUES (1926,'SME006','CRS03',2021,2,7.88);
INSERT INTO CONTRACT VALUES (1930,'SET006','CRS03',2023,2,9.31);
INSERT INTO CONTRACT VALUES (1933,'SAC006','CRS03',2022,2,6.95);
INSERT INTO CONTRACT VALUES (1934,'SMP006','CRS03',2022,2,8.99);
INSERT INTO CONTRACT VALUES (1935,'SAC011','CRS03',2022,2,8.11);
INSERT INTO CONTRACT VALUES (1937,'SAC013','CRS03',2022,2,5.48);
INSERT INTO CONTRACT VALUES (1938,'SIN006','CRS03',2023,2,5.81);
INSERT INTO CONTRACT VALUES (1942,'SET007','CRS03',2022,2,8.8);
INSERT INTO CONTRACT VALUES (1944,'SME009','CRS03',2022,2,9.49);
INSERT INTO CONTRACT VALUES (1945,'SME008','CRS03',2024,2,8.37);
INSERT INTO CONTRACT VALUES (1946,'SAC008','CRS03',2024,2,5.76);
INSERT INTO CONTRACT VALUES (1542,'SAC001','CRS05',2023,1,NULL);
INSERT INTO CONTRACT VALUES (1543,'SAC001','CRS10',2023,1,NULL);
INSERT INTO CONTRACT VALUES (1544,'SAC001','CRS15',2024,2,NULL);
INSERT INTO CONTRACT VALUES (1545,'SAC001','CRS16',2023,2,NULL);
INSERT INTO CONTRACT VALUES (1546,'SAC002','CRS05',2024,1,5.87);
INSERT INTO CONTRACT VALUES (1548,'SAC002','CRS15',2023,2,6.27);
INSERT INTO CONTRACT VALUES (1549,'SAC002','CRS16',2024,2,9.4);
INSERT INTO CONTRACT VALUES (1550,'SAC003','CRS05',2024,1,3.78);
INSERT INTO CONTRACT VALUES (1552,'SAC003','CRS15',2023,2,7.93);
INSERT INTO CONTRACT VALUES (1553,'SAC003','CRS16',2022,2,5.11);
INSERT INTO CONTRACT VALUES (1555,'SAC004','CRS18',2021,1,NULL);
INSERT INTO CONTRACT VALUES (1557,'SAC005','CRS18',2023,1,8.95);
INSERT INTO CONTRACT VALUES (1558,'SAC006','CRS11',2022,2,7.55);
INSERT INTO CONTRACT VALUES (1559,'SAC007','CRS13',2023,1,6.51);
INSERT INTO CONTRACT VALUES (1561,'SAC008','CRS13',2023,1,7.19);
INSERT INTO CONTRACT VALUES (1562,'SAC008','CRS20',2023,2,7.52);
INSERT INTO CONTRACT VALUES (1563,'SAC009','CRS13',2023,1,NULL);
INSERT INTO CONTRACT VALUES (1564,'SAC009','CRS20',2022,2,6.01);
INSERT INTO CONTRACT VALUES (1565,'SAC010','CRS05',2023,1,3.76);
INSERT INTO CONTRACT VALUES (1566,'SAC010','CRS10',2022,1,6.43);
INSERT INTO CONTRACT VALUES (1567,'SAC010','CRS15',2021,2,3.76);
INSERT INTO CONTRACT VALUES (1568,'SAC010','CRS16',2021,2,7.84);
INSERT INTO CONTRACT VALUES (1569,'SAC011','CRS11',2024,2,9.41);
INSERT INTO CONTRACT VALUES (1570,'SAC012','CRS11',2022,2,8.36);
INSERT INTO CONTRACT VALUES (1571,'SAC013','CRS11',2022,2,9.43);
INSERT INTO CONTRACT VALUES (1572,'SAC014','CRS14',2023,1,2.95);
INSERT INTO CONTRACT VALUES (1574,'SAC015','CRS14',2023,1,7.11);
INSERT INTO CONTRACT VALUES (1575,'SAC015','CRS18',2022,1,5.2);
INSERT INTO CONTRACT VALUES (1576,'SET001','CRS04',2022,1,7.59);
INSERT INTO CONTRACT VALUES (1577,'SET001','CRS28',2021,1,5.93);
INSERT INTO CONTRACT VALUES (1579,'SET002','CRS28',2024,1,6.42);
INSERT INTO CONTRACT VALUES (1580,'SET003','CRS25',2022,1,6.08);
INSERT INTO CONTRACT VALUES (1582,'SET005','CRS24',2024,2,8.82);
INSERT INTO CONTRACT VALUES (1583,'SET006','CRS24',2022,2,8.74);
INSERT INTO CONTRACT VALUES (1584,'SET007','CRS21',2023,2,9.06);
INSERT INTO CONTRACT VALUES (1585,'SET008','CRS21',2022,2,9.94);
INSERT INTO CONTRACT VALUES (1586,'SET009','CRS24',2022,2,7.12);
INSERT INTO CONTRACT VALUES (1589,'SME001','CRS34',2024,1,5.76);
INSERT INTO CONTRACT VALUES (1590,'SME002','CRS07',2024,1,5.81);
INSERT INTO CONTRACT VALUES (1591,'SME002','CRS31',2024,1,8.44);
INSERT INTO CONTRACT VALUES (1592,'SME002','CRS33',2023,2,NULL);
INSERT INTO CONTRACT VALUES (1593,'SME003','CRS07',2021,1,5.69);
INSERT INTO CONTRACT VALUES (1594,'SME003','CRS31',2023,1,6.67);
INSERT INTO CONTRACT VALUES (1596,'SME004','CRS34',2021,1,9.32);
INSERT INTO CONTRACT VALUES (1597,'SME005','CRS32',2021,1,7.01);
INSERT INTO CONTRACT VALUES (1598,'SME006','CRS32',2023,1,8.15);
INSERT INTO CONTRACT VALUES (1599,'SME007','CRS07',2024,1,5.15);
INSERT INTO CONTRACT VALUES (1600,'SME007','CRS31',2023,1,6.35);
INSERT INTO CONTRACT VALUES (1601,'SME007','CRS33',2022,2,8.11);
INSERT INTO CONTRACT VALUES (1603,'SME009','CRS39',2022,2,NULL);
INSERT INTO CONTRACT VALUES (1604,'SME010','CRS34',2022,1,2.17);
INSERT INTO CONTRACT VALUES (1605,'SME011','CRS07',2023,1,NULL);
INSERT INTO CONTRACT VALUES (1606,'SME011','CRS31',2023,1,9.89);
INSERT INTO CONTRACT VALUES (1607,'SME011','CRS33',2021,2,6.22);
INSERT INTO CONTRACT VALUES (1608,'SMP001','CRS48',2023,2,6.01);
INSERT INTO CONTRACT VALUES (1609,'SMP002','CRS48',2023,2,NULL);
INSERT INTO CONTRACT VALUES (1610,'SMP003','CRS06',2021,1,NULL);
INSERT INTO CONTRACT VALUES (1611,'SMP003','CRS44',2022,1,NULL);
INSERT INTO CONTRACT VALUES (1613,'SMP004','CRS06',2022,1,6.62);
INSERT INTO CONTRACT VALUES (1614,'SMP004','CRS44',2024,1,9.39);
INSERT INTO CONTRACT VALUES (1615,'SMP004','CRS50',2023,2,5.09);
INSERT INTO CONTRACT VALUES (1616,'SMP005','CRS48',2021,2,NULL);
INSERT INTO CONTRACT VALUES (1617,'SMP006','CRS45',2021,1,NULL);
INSERT INTO CONTRACT VALUES (1619,'SMP008','CRS45',2022,1,8.66);
INSERT INTO CONTRACT VALUES (1620,'SIN001','CRS86',2023,1,6.87);
INSERT INTO CONTRACT VALUES (1621,'SIN001','CRS88',2022,2,6.97);
INSERT INTO CONTRACT VALUES (1622,'SIN002','CRS86',2021,1,NULL);
INSERT INTO CONTRACT VALUES (1624,'SIN003','CRS92',2021,2,9.54);
INSERT INTO CONTRACT VALUES (1625,'SIN004','CRS92',2024,2,9.35);
INSERT INTO CONTRACT VALUES (1626,'SIN005','CRS91',2022,2,7);
INSERT INTO CONTRACT VALUES (1627,'SIN006','CRS91',2023,2,6.26);
INSERT INTO CONTRACT VALUES (1628,'SIN007','CRS99',2022,2,5.23);
INSERT INTO CONTRACT VALUES (1629,'SIN008','CRS99',2022,2,6.82);
INSERT INTO CONTRACT VALUES (1630,'SIN009','CRS86',2022,1,6.89);
INSERT INTO CONTRACT VALUES (1631,'SIN009','CRS88',2024,2,NULL);
INSERT INTO CONTRACT VALUES (1632,'SIN010','CRS92',2022,2,4.55);
INSERT INTO CONTRACT VALUES (1636,'SAC004','CRS16',2021,2,NULL);
INSERT INTO CONTRACT VALUES (1638,'SAC005','CRS10',2022,1,6.97);
INSERT INTO CONTRACT VALUES (1642,'SAC006','CRS10',2022,1,3.79);
INSERT INTO CONTRACT VALUES (1643,'SAC006','CRS14',2021,1,9.93);
INSERT INTO CONTRACT VALUES (1647,'SAC007','CRS05',2023,1,NULL);
INSERT INTO CONTRACT VALUES (1649,'SAC007','CRS11',2022,2,6.21);
INSERT INTO CONTRACT VALUES (1651,'SAC007','CRS15',2023,2,6.52);
INSERT INTO CONTRACT VALUES (1654,'SAC008','CRS05',2023,1,8.69);
INSERT INTO CONTRACT VALUES (1655,'SAC008','CRS10',2023,1,5.92);
INSERT INTO CONTRACT VALUES (1658,'SAC008','CRS15',2021,2,7.4);
INSERT INTO CONTRACT VALUES (1663,'SAC009','CRS11',2024,2,8.24);
INSERT INTO CONTRACT VALUES (1667,'SAC009','CRS18',2022,1,8.19);
INSERT INTO CONTRACT VALUES (1669,'SAC011','CRS10',2022,1,3.07);
INSERT INTO CONTRACT VALUES (1678,'SAC012','CRS16',2023,2,6.51);
INSERT INTO CONTRACT VALUES (1679,'SAC012','CRS18',2022,1,NULL);
INSERT INTO CONTRACT VALUES (1681,'SAC013','CRS10',2024,1,NULL);
INSERT INTO CONTRACT VALUES (1700,'SET005','CRS25',2024,1,NULL);
INSERT INTO CONTRACT VALUES (1703,'SET006','CRS25',2024,1,9.53);
INSERT INTO CONTRACT VALUES (1704,'SET007','CRS04',2023,1,9.16);
INSERT INTO CONTRACT VALUES (1705,'SET007','CRS28',2023,1,4.37);
INSERT INTO CONTRACT VALUES (1706,'SET007','CRS24',2023,2,6.57);
INSERT INTO CONTRACT VALUES (1709,'SET008','CRS28',2022,1,NULL);
INSERT INTO CONTRACT VALUES (1721,'SME001','CRS31',2022,1,9.19);
INSERT INTO CONTRACT VALUES (1722,'SME001','CRS33',2022,2,7.52);
INSERT INTO CONTRACT VALUES (1727,'SME005','CRS31',2022,1,3.21);
INSERT INTO CONTRACT VALUES (1736,'SME008','CRS32',2023,1,8.24);
INSERT INTO CONTRACT VALUES (1742,'SME009','CRS33',2024,2,NULL);
INSERT INTO CONTRACT VALUES (1746,'SME010','CRS33',2022,2,NULL);
INSERT INTO CONTRACT VALUES (1748,'SMP001','CRS44',2022,1,4.34);
INSERT INTO CONTRACT VALUES (1751,'SMP002','CRS44',2022,1,5.65);
INSERT INTO CONTRACT VALUES (1755,'SMP005','CRS50',2023,2,NULL);
INSERT INTO CONTRACT VALUES (1760,'SMP007','CRS06',2022,1,NULL);
INSERT INTO CONTRACT VALUES (1761,'SMP007','CRS44',2022,1,NULL);
INSERT INTO CONTRACT VALUES (1762,'SMP007','CRS50',2023,2,3.31);
INSERT INTO CONTRACT VALUES (1765,'SMP008','CRS48',2022,2,2.12);
INSERT INTO CONTRACT VALUES (1775,'SIN006','CRS88',2023,2,NULL);
INSERT INTO CONTRACT VALUES (1776,'SIN006','CRS92',2023,2,NULL);
INSERT INTO CONTRACT VALUES (1777,'SIN007','CRS86',2023,1,8.12);
INSERT INTO CONTRACT VALUES (1784,'SIN008','CRS92',2021,2,NULL);
INSERT INTO CONTRACT VALUES (1785,'SIN010','CRS86',2021,1,4.65);
INSERT INTO CONTRACT VALUES (1788,'SAC004','CRS10',2023,1,NULL);
INSERT INTO CONTRACT VALUES (1790,'SAC004','CRS16',2024,2,NULL);
INSERT INTO CONTRACT VALUES (1797,'SAC007','CRS11',2022,2,6.81);
INSERT INTO CONTRACT VALUES (1799,'SAC009','CRS11',2023,2,NULL);
INSERT INTO CONTRACT VALUES (1806,'SAC014','CRS05',2021,1,6.98);
INSERT INTO CONTRACT VALUES (1822,'SET009','CRS25',2023,1,6.02);
INSERT INTO CONTRACT VALUES (1834,'SME008','CRS32',2024,1,5.08);
INSERT INTO CONTRACT VALUES (1837,'SME010','CRS31',2021,1,7.95);
INSERT INTO CONTRACT VALUES (1842,'SMP002','CRS06',2022,1,5.79);
INSERT INTO CONTRACT VALUES (1845,'SMP005','CRS06',2022,1,8.28);
INSERT INTO CONTRACT VALUES (1852,'SMP008','CRS48',2022,2,8.41);
INSERT INTO CONTRACT VALUES (1862,'SIN010','CRS88',2023,2,6.93);
INSERT INTO CONTRACT VALUES (1864,'SAC002','CRS01',2022,1,9.11);
INSERT INTO CONTRACT VALUES (1865,'SIN009','CRS01',2023,1,7.15);
INSERT INTO CONTRACT VALUES (1867,'SIN001','CRS01',2022,1,7.64);
INSERT INTO CONTRACT VALUES (1869,'SMP003','CRS01',2021,1,6.59);
INSERT INTO CONTRACT VALUES (1874,'SET002','CRS01',2023,1,6.95);
INSERT INTO CONTRACT VALUES (1880,'SME010','CRS01',2021,1,8.52);
INSERT INTO CONTRACT VALUES (1883,'SIN003','CRS01',2024,1,7.19);
INSERT INTO CONTRACT VALUES (1884,'SMP005','CRS01',2021,1,7.61);
INSERT INTO CONTRACT VALUES (1886,'SET003','CRS01',2023,1,6.85);
INSERT INTO CONTRACT VALUES (1890,'SAC005','CRS01',2021,1,5.35);
INSERT INTO CONTRACT VALUES (1893,'SMP007','CRS01',2021,1,6.96);
INSERT INTO CONTRACT VALUES (1895,'SMP001','CRS02',2022,2,6.93);
INSERT INTO CONTRACT VALUES (1896,'SIN010','CRS02',2021,2,6.92);
INSERT INTO CONTRACT VALUES (1898,'SMP002','CRS02',2024,2,5.28);
INSERT INTO CONTRACT VALUES (1899,'SAC015','CRS02',2023,2,8.32);
INSERT INTO CONTRACT VALUES (1900,'SIN003','CRS02',2022,2,7.54);
INSERT INTO CONTRACT VALUES (1902,'SAC004','CRS02',2023,2,9.52);
INSERT INTO CONTRACT VALUES (1904,'SET004','CRS02',2023,2,6.54);
INSERT INTO CONTRACT VALUES (1908,'SAC014','CRS02',2021,2,7.55);
INSERT INTO CONTRACT VALUES (1915,'SET009','CRS02',2024,2,6.99);
INSERT INTO CONTRACT VALUES (1917,'SET005','CRS02',2022,2,8.98);
INSERT INTO CONTRACT VALUES (1920,'SMP006','CRS02',2023,2,9.84);
INSERT INTO CONTRACT VALUES (1921,'SAC011','CRS02',2023,2,6.81);
INSERT INTO CONTRACT VALUES (1922,'SAC012','CRS02',2024,2,8.54);
INSERT INTO CONTRACT VALUES (1924,'SIN006','CRS02',2024,2,6.44);
INSERT INTO CONTRACT VALUES (1925,'SIN005','CRS02',2022,2,5.43);
